tmdb_id,success,outer_fold,probability_success,threshold,prediction
12,1,4,0.9326885938644409,0.52,1
16,1,5,0.5820764899253845,0.58,1
22,1,3,0.9119089245796204,0.52,1
24,1,2,0.9084843397140503,0.55,1
27,0,3,0.3248681128025055,0.52,0
35,1,2,0.8499990105628967,0.55,1
38,1,5,0.7613688111305237,0.58,1
55,1,1,0.7708175182342529,0.58,1
58,1,1,0.8318317532539368,0.58,1
59,0,2,0.8315821886062622,0.55,1
64,1,2,0.4806295335292816,0.55,0
65,1,2,0.524017870426178,0.55,0
69,1,2,0.8046643137931824,0.55,1
70,1,4,0.8471842408180237,0.52,1
71,1,4,0.6882568597793579,0.52,1
74,1,1,0.8028382658958435,0.58,1
77,1,5,0.7446872591972351,0.58,1
79,1,1,0.5176419615745544,0.58,0
80,1,2,0.7825693488121033,0.55,1
82,0,5,0.27425631880760193,0.58,0
98,1,3,0.8456007242202759,0.52,1
107,0,2,0.4750179648399353,0.55,0
116,1,1,0.5365306735038757,0.58,0
118,1,3,0.305495023727417,0.52,0
120,1,1,0.9698776006698608,0.58,1
121,1,5,0.9047558903694153,0.58,1
122,1,5,0.9507702589035034,0.58,1
129,1,2,0.746343731880188,0.55,1
134,1,2,0.6061919927597046,0.55,1
141,0,4,0.9209344983100891,0.52,1
142,1,4,0.733430802822113,0.52,1
146,1,5,0.8988012075424194,0.58,1
153,1,1,0.8792601823806763,0.58,1
155,1,5,0.9268470406532288,0.58,1
161,1,4,0.9117881655693054,0.52,1
163,1,3,0.924738883972168,0.52,1
170,1,2,0.8945823907852173,0.55,1
176,1,2,0.8589357733726501,0.55,1
180,1,3,0.5928466320037842,0.52,1
186,1,5,0.6806224584579468,0.58,1
187,1,3,0.9430399537086487,0.52,1
189,0,3,0.8530163764953613,0.52,1
194,1,3,0.8904538750648499,0.52,1
201,0,4,0.5591021180152893,0.52,1
214,1,2,0.8612332940101624,0.55,1
215,1,5,0.8797069787979126,0.58,1
217,1,2,0.8259511590003967,0.55,1
254,1,3,0.49707961082458496,0.52,0
272,1,2,0.9502621293067932,0.55,1
277,1,4,0.895927369594574,0.52,1
285,1,3,0.7567159533500671,0.52,1
296,1,5,0.729382336139679,0.58,1
298,1,2,0.9093407988548279,0.55,1
302,1,5,0.3113573491573334,0.58,0
310,1,3,0.9473639130592346,0.52,1
314,0,5,0.339923620223999,0.58,0
320,1,1,0.60066819190979,0.58,1
322,1,4,0.7139687538146973,0.52,1
326,0,2,0.4145883321762085,0.55,0
350,1,3,0.9660280346870422,0.52,1
388,1,1,0.8920280933380127,0.58,1
392,1,1,0.9028379917144775,0.58,1
393,1,1,0.9165650606155396,0.58,1
395,1,3,0.8435477018356323,0.52,1
411,1,4,0.8073892593383789,0.52,1
423,1,5,0.5722611546516418,0.58,0
425,1,5,0.9602853059768677,0.58,1
435,1,4,0.7441047430038452,0.52,1
440,1,1,0.6640551090240479,0.58,1
453,1,5,0.8185665011405945,0.58,1
455,1,5,0.7222890853881836,0.58,1
462,1,2,0.5956064462661743,0.55,1
503,0,3,0.3847217559814453,0.52,0
504,1,4,0.4249740242958069,0.52,0
508,1,1,0.691749095916748,0.58,1
533,1,1,0.3726550340652466,0.58,0
534,0,5,0.6791004538536072,0.58,1
553,0,5,0.7273397445678711,0.58,1
557,1,1,0.9544343948364258,0.58,1
558,1,5,0.927802324295044,0.58,1
559,1,1,0.7103583812713623,0.58,1
561,1,4,0.7639175057411194,0.52,1
565,1,5,0.9239913821220398,0.58,1
582,1,5,0.7390715479850769,0.58,1
585,1,5,0.9100540280342102,0.58,1
587,0,3,0.7425436973571777,0.52,1
588,1,2,0.7265452742576599,0.55,1
591,1,4,0.9594432711601257,0.52,1
594,1,3,0.8360974192619324,0.52,1
598,1,2,0.6962945461273193,0.55,1
604,1,4,0.80338454246521,0.52,1
605,1,2,0.5654571056365967,0.55,1
608,1,1,0.8767174482345581,0.58,1
612,0,1,0.5442062616348267,0.58,0
613,1,3,0.784541130065918,0.52,1
615,1,4,0.973128616809845,0.52,1
616,1,3,0.3414062559604645,0.52,0
634,1,1,0.8678572773933411,0.58,1
640,1,5,0.8478559851646423,0.58,1
641,0,1,0.7412708401679993,0.58,1
644,1,2,0.650240957736969,0.55,1
652,1,2,0.5186918377876282,0.55,0
663,1,2,0.7599873542785645,0.55,1
670,1,5,0.880065381526947,0.58,1
671,1,4,0.926430344581604,0.52,1
672,1,1,0.9402137994766235,0.58,1
673,1,3,0.9562328457832336,0.52,1
674,1,3,0.9586934447288513,0.52,1
675,1,1,0.8836938738822937,0.58,1
676,1,2,0.6112499833106995,0.55,1
693,1,2,0.9206646084785461,0.55,1
747,1,4,0.8136668801307678,0.52,1
752,1,3,0.3125608563423157,0.52,0
767,1,1,0.8120896816253662,0.58,1
773,1,4,0.7394535541534424,0.52,1
786,0,4,0.6114858984947205,0.52,1
787,1,2,0.7200565934181213,0.55,1
808,1,2,0.9267759919166565,0.55,1
809,1,5,0.9477688074111938,0.58,1
810,1,3,0.8127580285072327,0.52,1
818,1,4,0.9509955644607544,0.52,1
824,1,3,0.9236479997634888,0.52,1
834,1,5,0.8210651278495789,0.58,1
843,1,2,0.6091463565826416,0.55,1
853,0,5,0.5659508109092712,0.58,0
855,0,3,0.47440221905708313,0.52,0
869,1,5,0.5525513291358948,0.58,0
920,1,1,0.9703180193901062,0.58,1
924,1,5,0.8978477716445923,0.58,1
950,1,4,0.9724609851837158,0.52,1
953,1,4,0.9639098048210144,0.52,1
955,1,3,0.947306752204895,0.52,1
956,1,4,0.9225119948387146,0.52,1
979,0,5,0.6535115838050842,0.58,1
1018,0,1,0.9324535131454468,0.58,1
1124,1,4,0.8872745037078857,0.52,1
1125,1,4,0.5693849325180054,0.52,1
1164,1,1,0.596176028251648,0.58,1
1246,1,2,0.8873729705810547,0.55,1
1250,1,3,0.7384474277496338,0.52,1
1255,1,2,0.5603013038635254,0.55,1
1265,1,1,0.35519087314605713,0.58,0
1266,1,5,0.7901982069015503,0.58,1
1267,0,1,0.31448134779930115,0.58,0
1268,1,4,0.9275293350219727,0.52,1
1271,1,4,0.9039497971534729,0.52,1
1272,0,5,0.5025619268417358,0.58,0
1273,1,2,0.4156506359577179,0.55,0
1278,0,1,0.5407662391662598,0.58,0
1359,1,1,0.8250390887260437,0.58,1
1372,0,5,0.3556443750858307,0.58,0
1378,1,2,0.401716023683548,0.55,0
1391,1,3,0.6660176515579224,0.52,1
1402,1,1,0.7224403619766235,0.58,1
1417,1,4,0.6909472942352295,0.52,1
1422,1,1,0.5905067324638367,0.58,1
1427,1,5,0.17602033913135529,0.58,0
1433,0,5,0.10521159321069717,0.58,0
1443,0,3,0.819531261920929,0.52,1
1452,0,5,0.1598270684480667,0.58,0
1487,0,3,0.9631730318069458,0.52,1
1491,1,3,0.8391250967979431,0.52,1
1493,1,1,0.9405491352081299,0.58,1
1494,0,5,0.4154115319252014,0.58,0
1495,0,2,0.22522974014282227,0.55,0
1535,0,2,0.1322588175535202,0.55,0
1538,1,1,0.67822265625,0.58,1
1562,1,5,0.5786008238792419,0.58,0
1571,1,4,0.8772745728492737,0.52,1
1576,1,2,0.8258617520332336,0.55,1
1577,1,1,0.6864587068557739,0.58,1
1579,1,2,0.40325266122817993,0.55,0
1581,1,2,0.7354112267494202,0.55,1
1584,1,4,0.8101161122322083,0.52,1
1593,1,5,0.8256052732467651,0.58,1
1597,1,2,0.8891820311546326,0.55,1
1620,1,3,0.7423557639122009,0.52,1
1635,0,4,0.4129938781261444,0.52,0
1636,0,5,0.6114493012428284,0.58,1
1640,1,2,0.8656862378120422,0.55,1
1656,0,4,0.600774884223938,0.52,1
1690,1,2,0.955933153629303,0.55,1
1691,1,5,0.7936890721321106,0.58,1
1724,0,4,0.4754023849964142,0.52,0
1726,1,2,0.9480869770050049,0.55,1
1729,1,5,0.1940845251083374,0.58,0
1734,1,3,0.8115460872650146,0.52,1
1735,1,5,0.6477302312850952,0.58,1
1738,0,2,0.3410584330558777,0.55,0
1771,1,1,0.9149253368377686,0.58,1
1791,0,3,0.8104506731033325,0.52,1
1817,1,2,0.6068918108940125,0.55,1
1824,1,4,0.8683566451072693,0.52,1
1830,0,1,0.568375289440155,0.58,0
1865,1,2,0.9630124568939209,0.55,1
1894,1,4,0.8760517239570618,0.52,1
1895,1,2,0.9761307239532471,0.55,1
1900,1,5,0.629255473613739,0.58,1
1903,1,1,0.4954730272293091,0.58,0
1904,0,4,0.7635727524757385,0.52,1
1927,0,2,0.2759876847267151,0.55,0
1930,1,5,0.9463043808937073,0.58,1
1933,1,2,0.6976920962333679,0.55,1
1948,1,1,0.6924205422401428,0.58,1
1949,0,1,0.7048203349113464,0.58,1
1954,1,4,0.9305450916290283,0.52,1
1966,0,3,0.2388361543416977,0.52,0
1970,1,3,0.889157235622406,0.52,1
1979,1,2,0.5585247874259949,0.55,1
1985,1,4,0.455484002828598,0.52,0
1991,0,2,0.8011636734008789,0.55,1
1992,0,3,0.35185226798057556,0.52,0
1995,1,4,0.6561638116836548,0.52,1
1996,0,5,0.704013466835022,0.58,1
1999,1,4,0.3757166564464569,0.52,0
2001,1,3,0.8291298151016235,0.52,1
2022,1,1,0.6231845617294312,0.58,1
2024,0,2,0.21988485753536224,0.55,0
2034,1,3,0.4378771483898163,0.52,0
2043,0,5,0.37265318632125854,0.58,0
2046,0,4,0.623261034488678,0.52,1
2048,1,2,0.4766950011253357,0.55,0
2057,0,3,0.300468385219574,0.52,0
2059,1,2,0.7038285136222839,0.55,1
2062,1,2,0.5371809601783752,0.55,0
2069,1,3,0.9262632727622986,0.52,1
2082,1,3,0.5300921201705933,0.52,1
2085,1,1,0.6499819755554199,0.58,1
2100,0,4,0.16123303771018982,0.52,0
2110,0,1,0.40837782621383667,0.58,0
2123,1,2,0.5224058628082275,0.55,0
2133,1,2,0.31196123361587524,0.55,0
2135,0,4,0.27792784571647644,0.52,0
2140,1,4,0.25679048895835876,0.52,0
2251,1,1,0.23030032217502594,0.58,0
2253,1,3,0.45637714862823486,0.52,0
2268,1,2,0.15443216264247894,0.55,0
2270,0,2,0.439128577709198,0.55,0
2289,1,5,0.14213889837265015,0.58,0
2309,0,3,0.5687845945358276,0.52,1
2313,1,3,0.5989017486572266,0.52,1
2332,1,2,0.5723517537117004,0.55,1
2454,0,4,0.5866988897323608,0.52,1
2501,1,3,0.9361522793769836,0.52,1
2502,1,1,0.9373313784599304,0.58,1
2503,1,3,0.7332760095596313,0.52,1
2567,0,4,0.5961722135543823,0.52,1
2575,0,5,0.2693953216075897,0.58,0
2637,0,5,0.917797863483429,0.58,1
2652,1,4,0.4564228355884552,0.52,0
2655,1,4,0.7735830545425415,0.52,1
2662,1,4,0.88929283618927,0.52,1
2675,1,4,0.4962504804134369,0.52,0
2698,0,5,0.7837905883789062,0.58,1
2749,0,5,0.3685646057128906,0.58,0
2752,1,5,0.507675290107727,0.58,0
2757,0,1,0.7042202353477478,0.58,1
2770,1,1,0.9464641213417053,0.58,1
2787,1,4,0.8708999156951904,0.52,1
2832,1,2,0.6779317855834961,0.55,1
2899,1,3,0.8466701507568359,0.52,1
2976,0,2,0.7544628381729126,0.55,1
3021,1,1,0.8178768754005432,0.58,1
3131,0,1,0.5211053490638733,0.58,0
3176,1,1,0.8275903463363647,0.58,1
3432,1,3,0.7332706451416016,0.52,1
3563,1,5,0.6540926098823547,0.58,1
3933,1,1,0.5255036950111389,0.58,0
3981,1,3,0.7352361679077148,0.52,1
4108,1,5,0.6935422420501709,0.58,1
4133,0,5,0.7022249698638916,0.58,1
4147,1,4,0.3556303381919861,0.52,0
4148,1,2,0.7266455292701721,0.55,1
4234,1,3,0.9028372764587402,0.52,1
4247,1,1,0.9564587473869324,0.58,1
4248,1,3,0.9080048203468323,0.52,1
4256,1,4,0.9499267339706421,0.52,1
4257,1,5,0.9742053747177124,0.58,1
4258,1,4,0.9738737940788269,0.52,1
4327,1,2,0.5685262680053711,0.55,1
4347,1,2,0.7673446536064148,0.55,1
4348,1,1,0.5918172597885132,0.58,1
4349,0,5,0.3270719647407532,0.58,0
4442,0,4,0.24932128190994263,0.52,0
4513,1,2,0.5265592932701111,0.55,0
4523,1,3,0.7930935025215149,0.52,1
4547,1,2,0.4839555025100708,0.55,0
4552,0,1,0.37703073024749756,0.58,0
4553,0,5,0.6384717226028442,0.58,1
4564,1,2,0.6006043553352356,0.55,1
4588,1,3,0.42630767822265625,0.52,0
4614,1,2,0.6168698072433472,0.55,1
4638,1,3,0.7985796332359314,0.52,1
4643,1,4,0.662561297416687,0.52,1
4858,0,1,0.39713436365127563,0.58,0
4922,1,1,0.668222963809967,0.58,1
4935,1,1,0.5003292560577393,0.58,0
4964,1,3,0.827293336391449,0.52,1
4970,1,2,0.561513364315033,0.55,1
4977,0,4,0.35712969303131104,0.52,0
4982,1,5,0.6436949372291565,0.58,1
5038,1,2,0.5303195714950562,0.55,0
5174,0,4,0.6915115714073181,0.52,1
5175,1,4,0.7306250929832458,0.52,1
5176,0,5,0.5865101218223572,0.58,1
5236,0,2,0.8292192816734314,0.55,1
5255,0,5,0.8201800584793091,0.58,1
5289,0,3,0.23414725065231323,0.52,0
5528,1,4,0.7989558577537537,0.52,1
5559,0,2,0.21921826899051666,0.55,0
5653,0,1,0.29912930727005005,0.58,0
5876,1,3,0.869040846824646,0.52,1
5915,1,5,0.6051141619682312,0.58,1
5994,1,1,0.49903348088264465,0.58,0
6023,1,3,0.854236364364624,0.52,1
6038,0,5,0.7026104927062988,0.58,1
6145,1,3,0.8215898275375366,0.52,1
6278,0,4,0.14126163721084595,0.52,0
6282,1,2,0.5497217774391174,0.55,0
6312,1,2,0.41127046942710876,0.55,0
6439,1,3,0.4748915135860443,0.52,0
6466,1,1,0.9170215725898743,0.58,1
6477,1,3,0.8072842955589294,0.52,1
6479,1,4,0.8790923953056335,0.52,1
6557,1,2,0.9006037712097168,0.55,1
6637,1,4,0.8458616733551025,0.52,1
6795,0,1,0.43210405111312866,0.58,0
6947,1,3,0.4715772271156311,0.52,0
6957,1,2,0.8576228618621826,0.55,1
6964,1,5,0.5436275601387024,0.58,0
6977,1,1,0.8673444986343384,0.58,1
7090,0,3,0.3002736270427704,0.52,0
7131,0,3,0.23216843605041504,0.52,0
7191,1,4,0.697352945804596,0.52,1
7214,1,2,0.7773233652114868,0.55,1
7220,0,1,0.8841745853424072,0.58,1
7229,0,3,0.6335615515708923,0.52,1
7299,0,5,0.5288649201393127,0.58,0
7326,1,4,0.898577094078064,0.52,1
7345,1,3,0.8922850489616394,0.52,1
7443,1,4,0.7416243553161621,0.52,1
7445,0,3,0.7515008449554443,0.52,1
7446,1,5,0.4151863753795624,0.58,0
7451,1,3,0.7919437289237976,0.52,1
7453,1,3,0.42778345942497253,0.52,0
7459,0,1,0.3659382164478302,0.58,0
7461,1,3,0.5438077449798584,0.52,1
7484,1,2,0.9505655765533447,0.55,1
7485,0,3,0.4594399929046631,0.52,0
7508,1,1,0.46590447425842285,0.58,0
7512,0,3,0.62318354845047,0.52,1
7518,1,4,0.7843563556671143,0.52,1
7551,1,5,0.4375796318054199,0.58,0
7552,1,5,0.6835964322090149,0.58,1
7555,1,2,0.7658171057701111,0.55,1
7980,0,2,0.6325283050537109,0.55,1
7985,0,1,0.31604981422424316,0.58,0
8007,1,2,0.6970248222351074,0.55,1
8055,1,4,0.7595217227935791,0.52,1
8204,0,3,0.2976628243923187,0.52,0
8247,1,5,0.19235077500343323,0.58,0
8271,1,4,0.6459728479385376,0.52,1
8273,1,5,0.9492685198783875,0.58,1
8277,0,5,0.5929694175720215,0.58,1
8292,1,3,0.4771273136138916,0.52,0
8326,1,3,0.7247186899185181,0.52,1
8329,1,3,0.836919903755188,0.52,1
8355,1,4,0.9658642411231995,0.52,1
8358,1,5,0.47604575753211975,0.58,0
8363,1,1,0.7116944789886475,0.58,1
8452,0,3,0.2411099374294281,0.52,0
8456,1,4,0.7291349172592163,0.52,1
8461,0,2,0.5263257026672363,0.55,0
8470,1,2,0.6700212359428406,0.55,1
8488,1,5,0.6289557218551636,0.58,1
8584,0,4,0.6790592670440674,0.52,1
8619,0,2,0.4368228614330292,0.55,0
8643,1,1,0.764596700668335,0.58,1
8645,1,4,0.48313137888908386,0.52,0
8681,1,5,0.8971765637397766,0.58,1
8698,1,4,0.30203595757484436,0.52,0
8814,0,3,0.36166101694107056,0.52,0
8835,1,4,0.9527775645256042,0.52,1
8843,1,5,0.8227614164352417,0.58,1
8848,1,4,0.45133471488952637,0.52,0
8859,1,4,0.8323108553886414,0.52,1
8869,0,3,0.5578522086143494,0.52,1
8871,1,2,0.2731432020664215,0.55,0
8909,1,4,0.16954870522022247,0.52,0
8920,1,2,0.9702914357185364,0.55,1
8922,1,1,0.8902233242988586,0.58,1
8960,1,4,0.30775824189186096,0.52,0
8961,1,5,0.8374810218811035,0.58,1
8966,1,3,0.8832879662513733,0.52,1
8982,1,2,0.8800115585327148,0.55,1
9007,0,2,0.5114431977272034,0.55,0
9012,1,5,0.775983452796936,0.58,1
9016,0,3,0.21193787455558777,0.52,0
9023,0,1,0.29515209794044495,0.58,0
9029,1,3,0.8823406100273132,0.52,1
9035,0,4,0.6818368434906006,0.52,1
9042,0,3,0.19766725599765778,0.52,0
9072,0,2,0.1305084526538849,0.55,0
9257,1,3,0.8424543738365173,0.52,1
9280,0,1,0.5461480617523193,0.58,0
9285,1,1,0.7676312327384949,0.58,1
9286,1,2,0.9063411355018616,0.55,1
9291,1,1,0.7294752597808838,0.58,1
9297,0,1,0.5730860829353333,0.58,0
9316,1,2,0.3934108316898346,0.55,0
9334,1,4,0.8419069051742554,0.52,1
9335,1,3,0.5987038016319275,0.52,1
9339,1,1,0.6106103658676147,0.58,1
9341,0,4,0.518090009689331,0.52,0
9352,0,2,0.7517194747924805,0.55,1
9353,1,2,0.6671259999275208,0.55,1
9358,1,3,0.9280864596366882,0.52,1
9373,1,2,0.8718544840812683,0.55,1
9378,0,1,0.5105661153793335,0.58,0
9383,1,2,0.6071191430091858,0.55,1
9392,1,2,0.8681317567825317,0.55,1
9397,0,5,0.5443146228790283,0.58,0
9398,1,2,0.9325937628746033,0.55,1
9408,0,4,0.8993815183639526,0.52,1
9428,1,1,0.6919715404510498,0.58,1
9470,1,3,0.4453580677509308,0.52,0
9471,1,3,0.6728521585464478,0.52,1
9472,1,1,0.8789003491401672,0.58,1
9476,0,5,0.387412965297699,0.58,0
9477,0,2,0.13467061519622803,0.55,0
9480,1,4,0.39498358964920044,0.52,0
9486,1,1,0.870543360710144,0.58,1
9488,1,3,0.5341395139694214,0.52,1
9502,1,5,0.8044354915618896,0.58,1
9509,0,2,0.5177593231201172,0.55,0
9517,0,2,0.20681090652942657,0.55,0
9522,1,1,0.7138041853904724,0.58,1
9530,0,5,0.11006058007478714,0.58,0
9532,1,1,0.934312105178833,0.58,1
9539,0,2,0.36145323514938354,0.55,0
9543,0,1,0.29759013652801514,0.58,0
9550,1,4,0.4925900101661682,0.52,0
9562,0,4,0.2081686556339264,0.52,0
9567,0,2,0.668278694152832,0.55,1
9600,1,2,0.7214186191558838,0.55,1
9637,1,5,0.8839873671531677,0.58,1
9645,1,3,0.3178947865962982,0.52,0
9654,1,3,0.47590965032577515,0.52,0
9655,1,3,0.8511219024658203,0.52,1
9678,0,4,0.6918790340423584,0.52,1
9679,1,4,0.4122735857963562,0.52,0
9681,0,5,0.427202969789505,0.58,0
9693,0,1,0.4244213402271271,0.58,0
9696,0,5,0.5954139232635498,0.58,1
9705,0,5,0.27962130308151245,0.58,0
9738,1,4,0.9480974674224854,0.52,1
9741,1,1,0.5374434590339661,0.58,0
9757,1,2,0.8133357167243958,0.55,1
9760,1,4,0.5913373827934265,0.52,1
9762,1,1,0.7731807231903076,0.58,1
9763,1,1,0.8896968364715576,0.58,1
9778,1,1,0.7721436023712158,0.58,1
9788,0,5,0.437608927488327,0.58,0
9792,1,3,0.9144615530967712,0.52,1
9793,1,1,0.4204232692718506,0.58,0
9806,1,2,0.9463515877723694,0.55,1
9828,0,1,0.17417527735233307,0.58,0
9833,1,4,0.6506119966506958,0.52,1
9836,1,5,0.9428659081459045,0.58,1
9870,1,4,0.6947734355926514,0.52,1
9880,1,5,0.9212203025817871,0.58,1
9885,1,4,0.30902501940727234,0.52,0
9889,1,5,0.8176290392875671,0.58,1
9896,0,1,0.45508700609207153,0.58,0
9900,0,3,0.30390664935112,0.52,0
9902,1,5,0.8381769061088562,0.58,1
9906,0,3,0.5685339570045471,0.52,1
9907,1,4,0.627808690071106,0.52,1
9913,1,5,0.7384086847305298,0.58,1
9919,1,2,0.7673196196556091,0.55,1
9928,1,4,0.9676065444946289,0.52,1
9947,0,4,0.47592130303382874,0.52,0
9968,0,5,0.13289904594421387,0.58,0
9982,1,4,0.3498111963272095,0.52,0
9986,0,2,0.22728954255580902,0.55,0
9992,0,3,0.390995055437088,0.52,0
10009,0,1,0.6512581706047058,0.58,1
10022,1,2,0.4462471902370453,0.55,0
10024,1,5,0.6835401058197021,0.58,1
10028,1,2,0.5336764454841614,0.55,0
10030,1,3,0.37133949995040894,0.52,0
10045,0,3,0.4154461920261383,0.52,0
10048,0,4,0.5721669793128967,0.52,1
10052,0,1,0.4580971896648407,0.58,0
10054,1,1,0.7230539917945862,0.58,1
10066,0,3,0.6757408976554871,0.52,1
10096,1,2,0.8325600624084473,0.55,1
10138,1,5,0.9157944917678833,0.58,1
10140,1,4,0.8829626441001892,0.52,1
10159,0,5,0.11703313142061234,0.58,0
10184,1,4,0.9044727087020874,0.52,1
10189,1,2,0.4338141977787018,0.55,0
10191,1,5,0.9425013661384583,0.58,1
10192,1,2,0.921360194683075,0.55,1
10193,1,1,0.941127359867096,0.58,1
10195,1,5,0.9585039615631104,0.58,1
10196,1,2,0.3991527855396271,0.55,0
10198,1,1,0.4242018759250641,0.58,0
10200,1,5,0.5856598615646362,0.58,1
10201,1,1,0.6233953833580017,0.58,1
10202,1,4,0.4223162531852722,0.52,0
10204,0,1,0.22026824951171875,0.58,0
10226,1,3,0.1320251077413559,0.52,0
10229,1,5,0.9009892344474792,0.58,1
10315,0,4,0.6512266397476196,0.52,1
10327,1,4,0.9047135710716248,0.52,1
10330,1,2,0.894544780254364,0.55,1
10358,0,3,0.6899503469467163,0.52,1
10393,0,2,0.23921598494052887,0.55,0
10431,0,4,0.2578190267086029,0.52,0
10483,0,5,0.33893734216690063,0.58,0
10501,0,1,0.3655143976211548,0.58,0
10527,1,5,0.9420360922813416,0.58,1
10528,1,5,0.8255680799484253,0.58,1
10555,1,1,0.5648662447929382,0.58,0
10559,1,5,0.7417163252830505,0.58,1
10567,1,3,0.34562262892723083,0.52,0
10588,0,1,0.38600876927375793,0.58,0
10590,0,5,0.35419851541519165,0.58,0
10591,0,4,0.6502219438552856,0.52,1
10601,0,3,0.2033008188009262,0.52,0
10623,1,4,0.4026610255241394,0.52,0
10625,1,4,0.937887966632843,0.52,1
10637,1,4,0.7148708701133728,0.52,1
10647,0,1,0.9039872288703918,0.58,1
10661,1,4,0.5248752236366272,0.52,1
10664,1,3,0.7563148736953735,0.52,1
10681,1,3,0.653045654296875,0.52,1
10708,1,4,0.6306384801864624,0.52,1
10719,1,3,0.6323787569999695,0.52,1
10764,1,2,0.6146191358566284,0.55,1
10771,0,1,0.20760169625282288,0.58,0
10775,0,5,0.5719663500785828,0.58,0
10781,1,3,0.9000957608222961,0.52,1
10796,0,4,0.30494049191474915,0.52,0
10865,0,4,0.9106320738792419,0.52,1
10866,0,4,0.2940790355205536,0.52,0
10947,0,4,0.7199132442474365,0.52,1
10950,1,5,0.7093358039855957,0.58,1
10982,1,3,0.7019524574279785,0.52,1
11007,1,4,0.8804725408554077,0.52,1
11013,1,5,0.6782140731811523,0.58,1
11023,1,2,0.632495641708374,0.55,1
11036,1,3,0.9330084323883057,0.52,1
11090,1,2,0.7864948511123657,0.55,1
11130,1,2,0.9232307076454163,0.55,1
11237,1,3,0.9311597943305969,0.52,1
11247,1,1,0.6764801740646362,0.58,1
11249,1,5,0.6432523131370544,0.58,1
11253,0,5,0.767795979976654,0.58,1
11283,1,5,0.5032610297203064,0.58,0
11322,1,1,0.7416484951972961,0.58,1
11324,1,2,0.5526484251022339,0.55,1
11351,1,2,0.8530381321907043,0.55,1
11362,1,3,0.46103960275650024,0.52,0
11371,0,1,0.19520358741283417,0.58,0
11397,1,2,0.5900992155075073,0.55,1
11423,1,1,0.7101892232894897,0.58,1
11451,1,4,0.9125210642814636,0.52,1
11459,1,5,0.3369905352592468,0.58,0
11470,0,4,0.5919978618621826,0.52,1
11529,1,2,0.7652170062065125,0.55,1
11544,1,5,0.8553842306137085,0.58,1
11565,1,1,0.7015922665596008,0.58,1
11619,0,2,0.22049440443515778,0.55,0
11631,1,1,0.9481464624404907,0.58,1
11635,1,4,0.6319423913955688,0.52,1
11636,0,2,0.8470600843429565,0.55,1
11638,1,2,0.631614625453949,0.55,1
11647,1,4,0.43139931559562683,0.52,0
11653,0,3,0.41429293155670166,0.52,0
11665,1,5,0.6107770204544067,0.58,1
11678,1,3,0.18570183217525482,0.52,0
11679,0,4,0.8518940806388855,0.52,1
11683,1,5,0.7416480779647827,0.58,1
11688,0,2,0.3517859876155853,0.55,0
11770,1,1,0.6018322110176086,0.58,1
11774,0,5,0.3814837634563446,0.58,0
11823,0,4,0.5380505323410034,0.52,1
11836,1,4,0.9598049521446228,0.52,1
11838,0,5,0.8313525319099426,0.58,1
11852,0,5,0.8272401690483093,0.58,1
11918,1,2,0.6220949292182922,0.55,1
11968,0,4,0.8148831129074097,0.52,1
11978,1,4,0.49880343675613403,0.52,0
11979,0,2,0.7395030856132507,0.55,1
12090,1,3,0.7537718415260315,0.52,1
12093,0,2,0.5205003619194031,0.55,0
12096,1,3,0.8976312279701233,0.52,1
12133,0,4,0.2669914960861206,0.52,0
12153,1,4,0.7953705787658691,0.52,1
12155,1,1,0.9093142747879028,0.58,1
12162,1,1,0.8633891940116882,0.58,1
12163,1,3,0.8253383040428162,0.52,1
12184,1,1,0.8081970810890198,0.58,1
12222,1,3,0.47462132573127747,0.52,0
12228,0,3,0.40114447474479675,0.52,0
12244,0,3,0.2979713976383209,0.52,0
12279,1,2,0.6904702186584473,0.55,1
12405,1,2,0.9450719356536865,0.55,1
12429,1,4,0.43945643305778503,0.52,0
12437,1,5,0.8828997611999512,0.58,1
12444,1,2,0.9343488216400146,0.55,1
12445,1,4,0.9539713859558105,0.52,1
12609,0,3,0.13163405656814575,0.52,0
12610,0,5,0.17750811576843262,0.58,0
12779,0,2,0.12185067683458328,0.55,0
13027,1,2,0.34233012795448303,0.55,0
13053,1,2,0.2739451825618744,0.55,0
13161,0,2,0.5217168927192688,0.55,0
13179,0,5,0.3528963625431061,0.58,0
13183,0,1,0.48742297291755676,0.58,0
13207,1,3,0.45738059282302856,0.52,0
13223,1,5,0.8789698481559753,0.58,1
13252,0,5,0.21353647112846375,0.58,0
13341,0,4,0.47283896803855896,0.52,0
13387,1,4,0.7553244829177856,0.52,1
13448,1,3,0.7910914421081543,0.52,1
13475,1,3,0.938414454460144,0.52,1
13510,0,2,0.5656683444976807,0.55,1
13523,0,5,0.5347172021865845,0.58,0
13532,0,4,0.41299721598625183,0.52,0
13680,1,3,0.38770008087158203,0.52,0
13688,1,3,0.1783135086297989,0.52,0
13700,0,5,0.5297451019287109,0.58,0
13811,1,1,0.43094921112060547,0.58,0
13971,0,1,0.28982388973236084,0.58,0
14001,0,2,0.20661287009716034,0.55,0
14160,1,1,0.6541752219200134,0.58,1
14161,1,3,0.1978597342967987,0.52,0
14310,1,1,0.34406694769859314,0.58,0
14324,0,1,0.09471884369850159,0.58,0
14411,0,5,0.18241506814956665,0.58,0
14442,0,3,0.5442014336585999,0.52,1
14574,0,2,0.7248657941818237,0.55,1
14784,0,3,0.2801174819469452,0.52,0
14805,0,4,0.17713555693626404,0.52,0
14836,1,4,0.5688632130622864,0.52,1
14869,0,4,0.6535847187042236,0.52,1
14926,1,1,0.3680502772331238,0.58,0
15070,0,4,0.3660341501235962,0.52,0
15092,0,2,0.8959250450134277,0.55,1
15255,1,5,0.20902308821678162,0.58,0
15357,0,1,0.5866959691047668,0.58,1
15512,1,3,0.5466395616531372,0.52,1
15720,0,3,0.34877192974090576,0.52,0
16320,0,1,0.4708622097969055,0.58,0
16558,0,2,0.5846558213233948,0.55,1
16617,0,1,0.38857612013816833,0.58,0
16664,1,4,0.2297362983226776,0.52,0
16690,1,1,0.43657732009887695,0.58,0
16869,1,5,0.5883766412734985,0.58,1
16871,1,2,0.5570972561836243,0.55,1
16996,1,3,0.8729276657104492,0.52,1
17379,0,3,0.39727598428726196,0.52,0
17431,0,2,0.7795361280441284,0.55,1
17578,1,4,0.3361172676086426,0.52,0
17609,0,2,0.5324451327323914,0.55,0
17654,1,4,0.8487482070922852,0.52,1
17903,0,4,0.2449583113193512,0.52,0
17927,0,4,0.46996915340423584,0.52,0
17979,0,5,0.4457343816757202,0.58,0
18239,1,1,0.7692152261734009,0.58,1
18240,1,3,0.8443325161933899,0.52,1
18360,1,4,0.7952203750610352,0.52,1
18405,1,2,0.5158594846725464,0.55,0
18480,1,5,0.7699742317199707,0.58,1
18785,1,5,0.9568876028060913,0.58,1
18823,1,4,0.8388457894325256,0.52,1
19901,1,2,0.6200070977210999,0.55,1
19908,1,4,0.9174508452415466,0.52,1
19912,1,3,0.6627366542816162,0.52,1
19913,1,2,0.9482347369194031,0.55,1
19959,0,1,0.3931650221347809,0.58,0
19994,0,5,0.6551271080970764,0.58,1
19995,1,5,0.9284067153930664,0.58,1
20048,1,2,0.8491244912147522,0.55,1
20352,1,2,0.9767442941665649,0.55,1
20453,1,2,0.7968705296516418,0.55,1
20455,1,2,0.21019364893436432,0.55,0
20504,0,1,0.3869246244430542,0.58,0
20526,1,2,0.8409866690635681,0.55,1
20662,0,2,0.4441100060939789,0.55,0
20770,1,4,0.43444907665252686,0.52,0
20943,1,3,0.8088817596435547,0.52,1
21208,1,3,0.968622088432312,0.52,1
22164,0,2,0.19290758669376373,0.55,0
22538,0,2,0.5237392783164978,0.55,0
22794,1,1,0.8227018117904663,0.58,1
22803,1,1,0.3089413046836853,0.58,0
22804,1,2,0.8129214644432068,0.55,1
22825,0,4,0.8006296157836914,0.52,1
22832,0,5,0.11301480233669281,0.58,0
22881,1,4,0.6855049729347229,0.52,1
22894,1,1,0.649369478225708,0.58,1
22947,1,3,0.9520533680915833,0.52,1
22970,1,1,0.7687773704528809,0.58,1
23168,1,2,0.8280074596405029,0.55,1
23398,1,1,0.7794723510742188,0.58,1
23437,1,3,0.7056252360343933,0.52,1
23483,1,3,0.9612761735916138,0.52,1
23629,0,5,0.6748186349868774,0.58,1
23631,1,5,0.7546798586845398,0.58,1
23827,1,2,0.759153425693512,0.55,1
24021,1,4,0.8623871803283691,0.52,1
24428,1,2,0.9701106548309326,0.55,1
25376,1,2,0.7189369201660156,0.55,1
25704,0,4,0.4379183053970337,0.52,0
25793,1,1,0.6890836358070374,0.58,1
26123,0,4,0.6811510324478149,0.52,1
26389,0,1,0.26944857835769653,0.58,0
26428,0,1,0.40284937620162964,0.58,0
26466,0,5,0.07125738263130188,0.58,0
27022,0,1,0.47853830456733704,0.58,0
27205,1,4,0.7399764060974121,0.52,1
27578,1,1,0.8085356950759888,0.58,1
27581,0,5,0.7261226177215576,0.58,1
27582,0,3,0.9229579567909241,0.52,1
28178,1,2,0.6499277353286743,0.55,1
31011,0,1,0.33240848779678345,0.58,0
32657,1,1,0.9493343830108643,0.58,1
32985,0,2,0.14555467665195465,0.55,0
33217,1,1,0.8673187494277954,0.58,1
34480,0,3,0.17897236347198486,0.52,0
34544,0,4,0.39353078603744507,0.52,0
34813,0,1,0.3669901490211487,0.58,0
34851,1,2,0.7826462984085083,0.55,1
35019,1,4,0.8420907855033875,0.52,1
36419,0,5,0.18963249027729034,0.58,0
36557,1,4,0.9191617965698242,0.52,1
36586,1,5,0.8573634028434753,0.58,1
36648,0,3,0.7624813914299011,0.52,1
36669,1,1,0.9316938519477844,0.58,1
37056,1,4,0.7149600982666016,0.52,1
37169,0,2,0.43774285912513733,0.55,0
37686,1,5,0.8087422847747803,0.58,1
37724,1,3,0.9270155429840088,0.52,1
37735,1,2,0.8249977231025696,0.55,1
37786,1,1,0.7442000508308411,0.58,1
37799,1,2,0.9778373837471008,0.55,1
37821,0,3,0.37716081738471985,0.52,0
37834,1,4,0.35204780101776123,0.52,0
37958,1,1,0.30670368671417236,0.58,0
38050,1,2,0.8051097989082336,0.55,1
38055,1,1,0.9193980693817139,0.58,1
38167,1,1,0.6885666251182556,0.58,1
38234,1,4,0.4554329812526703,0.52,0
38321,0,1,0.40592101216316223,0.58,0
38365,1,1,0.9429185390472412,0.58,1
38575,1,5,0.8281745910644531,0.58,1
38684,1,1,0.9197531938552856,0.58,1
38700,1,1,0.796862781047821,0.58,1
38757,1,4,0.9111803770065308,0.52,1
39254,1,2,0.46490705013275146,0.55,0
39468,0,1,0.25155049562454224,0.58,0
39513,1,1,0.8387871384620667,0.58,1
39514,1,2,0.9400636553764343,0.55,1
39538,1,2,0.7903143763542175,0.55,1
39939,1,5,0.5512043237686157,0.58,0
40264,1,5,0.9081369638442993,0.58,1
41154,1,3,0.9349626898765564,0.52,1
41216,0,3,0.29868489503860474,0.52,0
41283,0,5,0.34201541543006897,0.58,0
41439,1,3,0.9493457674980164,0.52,1
41446,1,2,0.9256920218467712,0.55,1
41513,1,2,0.8979425430297852,0.55,1
41630,1,4,0.877106785774231,0.52,1
41733,1,5,0.5900055766105652,0.58,1
43074,0,2,0.2807977497577667,0.55,0
43347,1,2,0.7770822048187256,0.55,1
43593,1,3,0.8099827170372009,0.52,1
43947,0,3,0.5509881377220154,0.52,1
43949,0,5,0.41224080324172974,0.58,0
44048,0,3,0.5177837014198303,0.52,0
44115,0,3,0.7725106477737427,0.52,1
44214,1,3,0.9148674607276917,0.52,1
44264,1,3,0.9258437156677246,0.52,1
44833,0,1,0.4683026075363159,0.58,0
44835,0,3,0.27434083819389343,0.52,0
44896,0,3,0.5504610538482666,0.52,1
44912,0,5,0.24936643242835999,0.58,0
44943,1,5,0.6940353512763977,0.58,1
45243,1,3,0.9524136781692505,0.52,1
45269,1,4,0.8029215335845947,0.52,1
45612,1,3,0.7927560806274414,0.52,1
46195,1,2,0.9682379961013794,0.55,1
46529,1,5,0.34581971168518066,0.58,0
46738,0,4,0.7000952959060669,0.52,1
47933,1,4,0.8957645297050476,0.52,1
47964,1,1,0.8745209574699402,0.58,1
47971,1,1,0.6916543245315552,0.58,1
48138,1,2,0.46621954441070557,0.55,0
49013,1,4,0.8938679099082947,0.52,1
49017,1,4,0.47050631046295166,0.52,0
49018,1,5,0.9550201892852783,0.58,1
49020,0,1,0.7211512327194214,0.58,1
49026,1,4,0.9263626933097839,0.52,1
49040,1,1,0.9496524930000305,0.58,1
49047,1,2,0.5093269944190979,0.55,0
49049,0,2,0.2056797295808792,0.55,0
49051,1,2,0.8935652375221252,0.55,1
49444,1,4,0.848715603351593,0.52,1
49517,1,1,0.663896381855011,0.58,1
49519,1,3,0.9569786787033081,0.52,1
49520,0,5,0.7719372510910034,0.58,1
49521,1,1,0.8012694716453552,0.58,1
49529,0,2,0.588887095451355,0.55,1
49530,1,4,0.5989653468132019,0.52,1
49730,1,3,0.6994903087615967,0.52,1
49797,1,3,0.6388535499572754,0.52,1
49849,0,2,0.3022056818008423,0.55,0
50014,1,4,0.9185190796852112,0.52,1
50348,1,2,0.8238639831542969,0.55,1
50359,1,3,0.4644991159439087,0.52,0
50544,1,2,0.8576593995094299,0.55,1
50546,1,1,0.8075965046882629,0.58,1
50619,1,4,0.8356946110725403,0.52,1
50620,1,4,0.9457372426986694,0.52,1
50646,1,3,0.8678620457649231,0.52,1
50839,1,5,0.7870118021965027,0.58,1
51540,1,1,0.9297260046005249,0.58,1
51608,1,5,0.4635011553764343,0.58,0
51739,1,3,0.30457088351249695,0.52,0
51828,1,1,0.8810433745384216,0.58,1
51876,1,1,0.9150094389915466,0.58,1
52449,1,1,0.7113000154495239,0.58,1
52451,0,5,0.21532829105854034,0.58,0
52520,1,5,0.7660880088806152,0.58,1
53182,1,4,0.7909297943115234,0.52,1
54138,1,3,0.889331042766571,0.52,1
55301,1,5,0.8364690542221069,0.58,1
55721,1,5,0.9279241561889648,0.58,1
55779,1,5,0.8566576838493347,0.58,1
55931,1,1,0.20144060254096985,0.58,0
56292,1,4,0.958225429058075,0.52,1
57158,1,2,0.8538782000541687,0.55,1
57165,1,5,0.8701046705245972,0.58,1
57201,0,2,0.3593861162662506,0.55,0
57212,1,1,0.6249553561210632,0.58,1
57214,1,3,0.8025333881378174,0.52,1
57800,1,4,0.9780518412590027,0.52,1
58233,1,1,0.8724066019058228,0.58,1
58574,1,3,0.9564937353134155,0.52,1
58595,1,4,0.9242078065872192,0.52,1
59436,1,5,0.8504530787467957,0.58,1
59440,0,5,0.801120936870575,0.58,1
59859,1,3,0.9162219166755676,0.52,1
59967,0,3,0.6798014640808105,0.52,1
60304,1,3,0.3347412645816803,0.52,0
60308,1,4,0.7512741088867188,0.52,1
60935,0,3,0.8694920539855957,0.52,1
61791,1,5,0.9261876940727234,0.58,1
62177,1,4,0.4369981586933136,0.52,0
62211,1,2,0.9432839155197144,0.55,1
62213,0,2,0.7742273807525635,0.55,1
62214,1,5,0.6460243463516235,0.58,1
62835,0,3,0.7669197916984558,0.52,1
63311,1,5,0.7489674687385559,0.58,1
64635,0,2,0.5348520874977112,0.55,0
64682,1,1,0.8068267703056335,0.58,1
64688,1,1,0.9280608892440796,0.58,1
64690,1,5,0.7648465037345886,0.58,1
65229,0,4,0.361105740070343,0.52,0
65754,1,3,0.9549468159675598,0.52,1
67748,0,1,0.34771692752838135,0.58,0
68718,1,3,0.8217499852180481,0.52,1
68721,1,3,0.9223911762237549,0.52,1
68724,1,1,0.23747237026691437,0.58,0
68726,1,4,0.9324249625205994,0.52,1
68728,1,2,0.521284818649292,0.55,0
68734,1,4,0.862954318523407,0.52,1
68735,1,1,0.3070715069770813,0.58,0
70160,1,5,0.9319353103637695,0.58,1
70981,1,1,0.9112903475761414,0.58,1
71552,1,5,0.9545862674713135,0.58,1
71668,0,5,0.6653928756713867,0.58,1
71676,1,5,0.8379871845245361,0.58,1
72105,1,1,0.9074003100395203,0.58,1
72190,1,1,0.664695680141449,0.58,1
72387,0,1,0.38667386770248413,0.58,0
72545,1,4,0.8837608695030212,0.52,1
72559,1,4,0.9051957130432129,0.52,1
72570,1,5,0.8929303884506226,0.58,1
72976,1,2,0.9196242094039917,0.55,1
73723,1,3,0.7897716164588928,0.52,1
75612,1,5,0.15655195713043213,0.58,0
75656,1,4,0.9691106081008911,0.52,1
75674,1,4,0.7815273404121399,0.52,1
75780,1,5,0.9708889722824097,0.58,1
76025,0,4,0.5700459480285645,0.52,1
76163,1,1,0.6477559804916382,0.58,1
76203,1,3,0.8722328543663025,0.52,1
76338,1,4,0.9080600738525391,0.52,1
76341,1,3,0.9245032668113708,0.52,1
76492,1,1,0.9082532525062561,0.58,1
76493,1,1,0.4992179572582245,0.58,0
76600,1,2,0.8439062833786011,0.55,1
76726,1,1,0.8731404542922974,0.58,1
76757,0,4,0.7152066826820374,0.52,1
77174,0,1,0.6646291613578796,0.58,1
77338,1,2,0.9134337902069092,0.55,1
77805,0,3,0.2639677822589874,0.52,0
77950,1,2,0.8008190393447876,0.55,1
80274,0,5,0.3533383011817932,0.58,0
80278,1,4,0.8934231400489807,0.52,1
80321,1,3,0.9657660126686096,0.52,1
81005,0,4,0.23265939950942993,0.52,0
81188,1,1,0.3625051975250244,0.58,0
82507,1,3,0.924475371837616,0.52,1
82675,1,3,0.8427278399467468,0.52,1
82690,1,1,0.9307546615600586,0.58,1
82693,1,4,0.9343849420547485,0.52,1
82695,1,3,0.7453444004058838,0.52,1
82702,1,2,0.9196394681930542,0.55,1
82703,0,4,0.8364322781562805,0.52,1
83533,1,3,0.6928880214691162,0.52,1
83542,0,1,0.17594541609287262,0.58,0
83686,1,2,0.5550572276115417,0.55,1
84892,1,2,0.9101532101631165,0.55,1
86834,1,3,0.6308987736701965,0.52,1
87101,1,1,0.9615914225578308,0.58,1
87421,1,4,0.8498029708862305,0.52,1
87428,0,5,0.7067021727561951,0.58,1
87502,1,3,0.9393245577812195,0.52,1
87827,1,1,0.8043717741966248,0.58,1
88751,1,3,0.9255620837211609,0.52,1
91314,1,2,0.7439733743667603,0.55,1
91586,1,2,0.9457628130912781,0.55,1
93456,1,3,0.9467871785163879,0.52,1
94329,1,3,0.8579950332641602,0.52,1
96721,1,3,0.7086734771728516,0.52,1
97020,1,4,0.5430996417999268,0.52,1
97630,1,2,0.8520084619522095,0.55,1
98566,1,5,0.9301137924194336,0.58,1
99861,1,4,0.9123387336730957,0.52,1
100042,1,2,0.9759829044342041,0.55,1
100402,1,1,0.9016634821891785,0.58,1
101299,1,2,0.9751175045967102,0.55,1
102382,1,2,0.8731146454811096,0.55,1
102651,1,1,0.834917426109314,0.58,1
102899,1,2,0.973517894744873,0.55,1
103663,1,4,0.7132220268249512,0.52,1
105864,0,3,0.6914439797401428,0.52,1
106646,1,2,0.8453569412231445,0.55,1
107846,1,3,0.9378092288970947,0.52,1
107985,1,2,0.945685863494873,0.55,1
109091,1,4,0.6441581845283508,0.52,1
109414,1,4,0.8700873851776123,0.52,1
109418,1,4,0.9668889045715332,0.52,1
109424,1,5,0.7136372327804565,0.58,1
109428,1,2,0.900072455406189,0.55,1
109431,1,3,0.841289758682251,0.52,1
109439,1,2,0.8476771712303162,0.55,1
109445,1,2,0.9245471954345703,0.55,1
109451,1,1,0.9250290393829346,0.58,1
110415,1,2,0.592751145362854,0.55,1
111190,0,2,0.3296765983104706,0.55,0
114150,1,3,0.966401994228363,0.52,1
116149,1,5,0.898261308670044,0.58,1
116711,1,1,0.7097570896148682,0.58,1
116745,1,1,0.6733865737915039,0.58,1
117251,0,1,0.4721195697784424,0.58,0
117263,1,4,0.9557281732559204,0.52,1
118340,1,4,0.9700562357902527,0.52,1
119450,1,3,0.9455375671386719,0.52,1
120467,1,4,0.8232635259628296,0.52,1
122906,1,5,0.8751697540283203,0.58,1
122917,1,1,0.81633460521698,0.58,1
123553,0,4,0.28154826164245605,0.52,0
124905,1,4,0.9373393654823303,0.52,1
126889,1,5,0.8948747515678406,0.58,1
127380,1,5,0.9613929390907288,0.58,1
127585,1,5,0.9489094614982605,0.58,1
131631,1,1,0.8557015061378479,0.58,1
131634,1,5,0.9462398886680603,0.58,1
132232,1,5,0.7819163799285889,0.58,1
132344,1,2,0.8137008547782898,0.55,1
135397,1,5,0.9440467953681946,0.58,1
136418,0,1,0.45017921924591064,0.58,0
136797,1,5,0.25177448987960815,0.58,0
136799,1,4,0.9145194292068481,0.52,1
137106,1,2,0.9635839462280273,0.55,1
137113,1,1,0.7278650403022766,0.58,1
138103,1,3,0.7171984910964966,0.52,1
138832,1,4,0.8491816520690918,0.52,1
138843,1,4,0.9790675640106201,0.52,1
139038,1,3,0.7619118094444275,0.52,1
140300,1,1,0.9077849388122559,0.58,1
140607,1,4,0.9590427875518799,0.52,1
141052,1,1,0.21029621362686157,0.58,0
146233,1,5,0.8369165658950806,0.58,1
147441,0,5,0.3119269907474518,0.58,0
150540,1,5,0.9763314723968506,0.58,1
150689,1,3,0.7194523215293884,0.52,1
152584,1,5,0.7388339042663574,0.58,1
152601,1,5,0.92997807264328,0.58,1
153518,1,4,0.9730830192565918,0.52,1
156022,1,2,0.8811148405075073,0.55,1
157336,1,5,0.7971631288528442,0.58,1
157350,1,2,0.9379583597183228,0.55,1
157386,1,5,0.33788204193115234,0.58,0
158015,1,2,0.5169025659561157,0.55,0
158852,0,5,0.4662953317165375,0.58,0
159824,1,2,0.9659567475318909,0.55,1
166426,1,3,0.8757897615432739,0.52,1
166428,1,5,0.9334564208984375,0.58,1
168259,1,4,0.8832107186317444,0.52,1
172385,1,5,0.9776344299316406,0.58,1
177572,1,3,0.6827482581138611,0.52,1
177677,1,2,0.9781012535095215,0.55,1
180299,0,4,0.9273302555084229,0.52,1
181533,1,5,0.8919578790664673,0.58,1
181808,1,5,0.9051145315170288,0.58,1
181812,1,5,0.7640755772590637,0.58,1
181886,0,5,0.48219725489616394,0.58,0
184315,1,5,0.42258065938949585,0.58,0
184345,1,4,0.7683953642845154,0.52,1
187017,1,1,0.8562689423561096,0.58,1
188161,1,3,0.7989136576652527,0.52,1
188927,0,4,0.8416082262992859,0.52,1
190859,1,1,0.6950891017913818,0.58,1
193610,1,3,0.9491230845451355,0.52,1
193756,1,5,0.7945848703384399,0.58,1
193893,1,1,0.8013855814933777,0.58,1
194662,1,1,0.9074569344520569,0.58,1
197796,0,1,0.8283397555351257,0.58,1
198663,1,4,0.9563513398170471,0.52,1
203801,0,4,0.7434832453727722,0.52,1
204082,1,1,0.616003155708313,0.58,1
205584,0,2,0.3532206118106842,0.55,0
205587,1,2,0.8979631066322327,0.55,1
205596,1,4,0.9438685178756714,0.52,1
206487,0,2,0.6795476675033569,0.55,1
206647,1,5,0.9679114818572998,0.58,1
207703,1,4,0.9745853543281555,0.52,1
209112,1,2,0.9048203825950623,0.55,1
210577,1,5,0.7680315971374512,0.58,1
211672,1,3,0.9740304350852966,0.52,1
214756,1,1,0.9547396302223206,0.58,1
216015,1,1,0.9180097579956055,0.58,1
216282,1,1,0.5285689234733582,0.58,0
220289,1,1,0.5104997158050537,0.58,0
222935,1,3,0.9513496160507202,0.52,1
223702,1,2,0.5323954224586487,0.55,0
225886,1,2,0.5099683403968811,0.55,0
227700,0,4,0.07060112059116364,0.52,0
228150,1,4,0.6563754081726074,0.52,1
228161,1,2,0.5074094533920288,0.55,0
228165,1,1,0.9093774557113647,0.58,1
228326,0,5,0.792165219783783,0.58,1
228967,0,2,0.5495567321777344,0.55,0
232672,1,5,0.9505151510238647,0.58,1
238636,1,3,0.8827372789382935,0.52,1
238713,1,1,0.4864044487476349,0.58,0
239563,1,4,0.7055190801620483,0.52,1
240832,1,3,0.594048798084259,0.52,1
241259,0,1,0.8716633319854736,0.58,1
242582,1,2,0.9201381802558899,0.55,1
244786,1,5,0.8090648651123047,0.58,1
245891,1,1,0.9516000151634216,0.58,1
246403,0,2,0.32189735770225525,0.55,0
246655,1,4,0.8452379703521729,0.52,1
249397,1,4,0.8353604674339294,0.52,1
254128,1,2,0.7829472422599792,0.55,1
254470,1,3,0.9721795916557312,0.52,1
256274,1,1,0.7754912376403809,0.58,1
257211,1,4,0.934844434261322,0.52,1
257344,1,1,0.7232861518859863,0.58,1
257445,1,1,0.9620789885520935,0.58,1
257785,0,1,0.6792683601379395,0.58,1
258489,0,1,0.09480791538953781,0.58,0
258509,1,4,0.967667818069458,0.52,1
259316,1,2,0.8852355480194092,0.55,1
259693,1,5,0.9726693630218506,0.58,1
260346,1,1,0.8506559133529663,0.58,1
260513,1,5,0.8873083591461182,0.58,1
260514,1,3,0.9122873544692993,0.52,1
262500,1,2,0.9057154655456543,0.55,1
263115,1,3,0.8964614272117615,0.52,1
263472,0,2,0.5585907697677612,0.55,1
264660,1,1,0.7528502941131592,0.58,1
265177,0,3,0.8244405388832092,0.52,1
267935,0,4,0.3436743915081024,0.52,0
268896,0,2,0.9502239227294922,0.55,1
269149,1,3,0.9792861342430115,0.52,1
270303,1,4,0.9337965250015259,0.52,1
270946,1,3,0.593419075012207,0.52,1
271110,1,5,0.9300430417060852,0.58,1
273248,1,3,0.8036739230155945,0.52,1
273477,0,5,0.6380512714385986,0.58,1
273481,1,3,0.9607515335083008,0.52,1
274167,1,3,0.9706369042396545,0.52,1
274854,0,3,0.7801437377929688,0.52,1
274855,0,2,0.4329893887042999,0.55,0
274857,0,2,0.35288044810295105,0.55,0
274862,0,1,0.4553263187408447,0.58,0
274870,1,3,0.8284775614738464,0.52,1
276907,0,4,0.6450257301330566,0.52,1
277216,1,4,0.7316025495529175,0.52,1
277834,1,4,0.9364298582077026,0.52,1
278154,1,1,0.8770710825920105,0.58,1
278924,1,4,0.7807544469833374,0.52,1
278927,1,3,0.6129581928253174,0.52,1
280092,1,3,0.8968413472175598,0.52,1
281338,1,5,0.8977466821670532,0.58,1
281957,1,3,0.7037211656570435,0.52,1
282035,1,2,0.4841606020927429,0.55,0
283366,1,5,0.29557713866233826,0.58,0
283566,1,3,0.42020660638809204,0.52,0
283995,1,1,0.8459818363189697,0.58,1
284052,1,5,0.8832482695579529,0.58,1
284053,1,1,0.8849056363105774,0.58,1
284054,1,1,0.8021888136863708,0.58,1
286217,1,1,0.7048009634017944,0.58,1
287947,1,1,0.9424499273300171,0.58,1
287948,1,2,0.5202589631080627,0.55,0
290098,1,4,0.8435459136962891,0.52,1
290250,0,3,0.6237922310829163,0.52,1
290859,0,3,0.7607190608978271,0.52,1
291805,1,5,0.9415005445480347,0.58,1
292431,0,5,0.600283682346344,0.58,1
293167,1,4,0.4640108346939087,0.52,0
293660,1,3,0.9328596591949463,0.52,1
293670,1,1,0.6696897149085999,0.58,1
293863,1,5,0.7865666151046753,0.58,1
294254,1,5,0.9334315061569214,0.58,1
296096,1,3,0.941817045211792,0.52,1
296098,1,1,0.688445508480072,0.58,1
296524,0,2,0.7503949999809265,0.55,1
297761,1,3,0.9494373798370361,0.52,1
297762,1,5,0.9181334376335144,0.58,1
297802,1,5,0.899756669998169,0.58,1
298312,1,5,0.6226327419281006,0.58,1
298618,0,4,0.21654918789863586,0.52,0
299054,0,4,0.23388546705245972,0.52,0
299534,1,3,0.9407756924629211,0.52,1
299536,1,5,0.9404999613761902,0.58,1
299537,1,1,0.8695418834686279,0.58,1
299687,1,5,0.6745516061782837,0.58,1
300668,0,1,0.4325304925441742,0.58,0
300669,1,3,0.9410440921783447,0.52,1
300671,0,2,0.8793946504592896,0.55,1
301528,1,1,0.9613885283470154,0.58,1
302946,1,3,0.9478603601455688,0.52,1
303857,1,2,0.4147074222564697,0.55,0
304941,0,4,0.7097825407981873,0.52,1
305470,0,1,0.5071379542350769,0.58,0
307081,1,2,0.5367849469184875,0.55,0
308266,0,2,0.7397167682647705,0.55,1
309809,0,2,0.38914790749549866,0.55,0
310131,1,4,0.4531819522380829,0.52,0
310133,0,3,0.29001784324645996,0.52,0
310307,0,3,0.8059180974960327,0.52,1
311324,1,2,0.3185681700706482,0.55,0
312221,1,3,0.9792771935462952,0.52,1
313369,1,1,0.9684491753578186,0.58,1
315011,1,1,0.7412475943565369,0.58,1
315162,1,3,0.9065060019493103,0.52,1
315635,1,4,0.9327923059463501,0.52,1
315837,0,3,0.5976247191429138,0.52,1
316029,1,5,0.7975292205810547,0.58,1
317442,1,2,0.4076787233352661,0.55,0
318846,1,1,0.9254151582717896,0.58,1
320288,0,3,0.8351246118545532,0.52,1
321612,1,1,0.6299557685852051,0.58,1
321741,0,3,0.8998716473579407,0.52,1
324552,1,5,0.933741569519043,0.58,1
324668,1,3,0.9412028789520264,0.52,1
324786,1,3,0.8388587832450867,0.52,1
324849,1,4,0.49346923828125,0.52,0
324852,1,4,0.9477264285087585,0.52,1
324857,1,4,0.8994870185852051,0.52,1
326284,0,2,0.13004276156425476,0.55,0
329865,1,3,0.9085226655006409,0.52,1
330457,1,4,0.8679853677749634,0.52,1
330459,1,1,0.388781875371933,0.58,0
331482,1,2,0.8247212171554565,0.55,1
332562,1,3,0.8779309988021851,0.52,1
332567,1,5,0.6242090463638306,0.58,1
333339,1,1,0.3042581081390381,0.58,0
333371,1,5,0.8433005809783936,0.58,1
333484,0,4,0.672491192817688,0.52,1
334541,1,5,0.8993004560470581,0.58,1
335360,1,5,0.4669635593891144,0.58,0
335787,1,4,0.7720296382904053,0.52,1
335797,1,1,0.9449741244316101,0.58,1
335977,0,5,0.7634612321853638,0.58,1
335983,1,2,0.8316696286201477,0.55,1
335984,0,4,0.9076641201972961,0.52,1
335988,1,1,0.7860309481620789,0.58,1
336843,1,1,0.8212588429450989,0.58,1
336882,1,5,0.7602856755256653,0.58,1
337167,1,4,0.9292694330215454,0.52,1
337170,1,5,0.7445777058601379,0.58,1
337339,1,3,0.8902228474617004,0.52,1
337401,0,4,0.1014847606420517,0.52,0
337404,0,1,0.22155578434467316,0.58,0
338766,1,2,0.7905134558677673,0.55,1
338952,1,1,0.8030761480331421,0.58,1
338953,1,5,0.7862803936004639,0.58,1
338967,1,3,0.9193803071975708,0.52,1
338970,1,5,0.38407859206199646,0.58,0
339403,1,5,0.8597666025161743,0.58,1
339846,1,1,0.2393941432237625,0.58,0
339964,0,4,0.3565824627876282,0.52,0
340102,0,4,0.38288360834121704,0.52,0
340837,0,5,0.8600884675979614,0.58,1
341013,1,3,0.4954819679260254,0.52,0
341174,1,4,0.9506879448890686,0.52,1
342473,1,4,0.8683007955551147,0.52,1
343611,1,2,0.8248305320739746,0.55,1
343668,1,3,0.8876768350601196,0.52,1
345887,1,1,0.7083250284194946,0.58,1
345938,1,4,0.6737661361694336,0.52,1
345940,1,4,0.8554642200469971,0.52,1
346364,1,2,0.9693069458007812,0.55,1
346648,1,4,0.9447282552719116,0.52,1
346672,1,1,0.7674251794815063,0.58,1
346685,1,5,0.4499366581439972,0.58,0
346698,1,4,0.7552438974380493,0.52,1
346910,0,4,0.8824625015258789,0.52,1
348350,0,4,0.5803552269935608,0.52,1
351286,1,1,0.7833347320556641,0.58,1
353081,1,3,0.9409587979316711,0.52,1
353486,1,2,0.9015151262283325,0.55,1
353491,0,2,0.6644091010093689,0.55,1
354912,1,1,0.7829459309577942,0.58,1
359724,1,4,0.7019155621528625,0.52,1
359940,1,5,0.8722648620605469,0.58,1
360814,1,3,0.2516210675239563,0.52,0
360920,1,1,0.5784121155738831,0.58,0
361743,1,5,0.8114318251609802,0.58,1
363088,1,5,0.9194141626358032,0.58,1
363676,1,1,0.41978973150253296,0.58,0
364689,1,5,0.5144965052604675,0.58,0
369972,0,2,0.9040908813476562,0.55,1
370172,1,2,0.7059521079063416,0.55,1
371645,1,4,0.3492527902126312,0.52,0
372058,1,1,0.7843351364135742,0.58,1
373571,1,2,0.8171652555465698,0.55,1
374720,1,1,0.6985049247741699,0.58,1
375588,0,1,0.29203248023986816,0.58,0
376867,1,3,0.8383175134658813,0.52,1
378236,1,2,0.5977358222007751,0.55,1
379149,1,1,0.4884863495826721,0.58,0
379686,0,3,0.5221325159072876,0.52,1
381283,0,5,0.9246899485588074,0.58,1
381284,1,2,0.8688688278198242,0.55,1
381288,1,4,0.9130785465240479,0.52,1
381719,1,1,0.8149272203445435,0.58,1
381890,1,4,0.2675521671772003,0.52,0
383498,1,5,0.8493726253509521,0.58,1
384018,1,5,0.8990722298622131,0.58,1
385103,0,3,0.11640013754367828,0.52,0
385128,1,3,0.6258329749107361,0.52,1
385687,1,3,0.7837547659873962,0.52,1
390043,1,4,0.8311446309089661,0.52,1
391713,1,2,0.6979722380638123,0.55,1
392044,1,1,0.8705587387084961,0.58,1
393345,0,4,0.5218785405158997,0.52,1
394117,1,4,0.7307379245758057,0.52,1
395834,1,1,0.7614016532897949,0.58,1
395992,0,5,0.5502834320068359,0.58,0
396422,1,5,0.976350724697113,0.58,1
396535,1,2,0.8900495767593384,0.55,1
397243,0,4,0.3042188882827759,0.52,0
397422,1,1,0.7755164504051208,0.58,1
398818,1,5,0.31227320432662964,0.58,0
398978,0,1,0.5318760871887207,0.58,0
399035,1,2,0.5338048934936523,0.55,0
399055,1,1,0.7857463955879211,0.58,1
399057,1,3,0.5507887601852417,0.52,1
399174,1,2,0.7829935550689697,0.55,1
399402,0,5,0.6378942728042603,0.58,1
399404,1,3,0.9143601655960083,0.52,1
399566,1,4,0.606118381023407,0.52,1
399579,1,5,0.29606249928474426,0.58,0
400155,1,2,0.9368755221366882,0.55,1
400160,0,4,0.22113832831382751,0.52,0
400535,1,5,0.8107913732528687,0.58,1
400928,1,5,0.8771564960479736,0.58,1
401981,1,2,0.6058734655380249,0.55,1
402431,1,5,0.8242729902267456,0.58,1
402900,1,1,0.44069916009902954,0.58,0
404368,1,3,0.8784821033477783,0.52,1
404733,0,1,0.3465610444545746,0.58,0
406563,1,5,0.9693172574043274,0.58,1
406759,0,4,0.2661933898925781,0.52,0
406990,0,1,0.502471387386322,0.58,0
406997,1,3,0.9826883673667908,0.52,1
411088,1,2,0.4827466905117035,0.55,0
412117,1,4,0.9218945503234863,0.52,1
414419,0,3,0.5400747060775757,0.52,1
414906,1,4,0.8133180737495422,0.52,1
415842,1,5,0.5612346529960632,0.58,0
417859,1,3,0.8897002339363098,0.52,1
419430,1,3,0.8644455075263977,0.52,1
420634,1,5,0.7493872046470642,0.58,1
420809,1,2,0.7990798950195312,0.55,1
420817,1,5,0.4553828835487366,0.58,0
420818,1,3,0.8630588054656982,0.52,1
423108,1,1,0.7733170986175537,0.58,1
423204,1,1,0.8911235928535461,0.58,1
424139,1,5,0.948787271976471,0.58,1
424694,1,1,0.7929025888442993,0.58,1
424783,1,5,0.2884581685066223,0.58,0
425148,1,2,0.3903627395629883,0.55,0
425274,1,3,0.9020786285400391,0.52,1
425909,1,1,0.6912906169891357,0.58,1
426063,1,1,0.5314834713935852,0.58,0
427641,1,3,0.5010185241699219,0.52,0
428078,0,2,0.35834845900535583,0.55,0
429617,1,3,0.9324950575828552,0.52,1
431693,0,1,0.48370078206062317,0.58,0
433808,0,2,0.16255728900432587,0.55,0
436270,0,5,0.12144769728183746,0.58,0
436969,0,1,0.5782278180122375,0.58,0
438148,1,3,0.7635973691940308,0.52,1
438631,1,1,0.6811895370483398,0.58,1
438695,1,5,0.6739805936813354,0.58,1
439079,1,4,0.943999171257019,0.52,1
440471,0,2,0.5717000961303711,0.55,1
441130,0,4,0.2373872995376587,0.52,0
443791,0,3,0.3636828362941742,0.52,0
445571,1,4,0.7108292579650879,0.52,1
446354,1,3,0.7869996428489685,0.52,1
446893,0,1,0.8295873403549194,0.58,1
447273,0,4,0.37031278014183044,0.52,0
447277,0,4,0.2934454381465912,0.52,0
447332,1,1,0.9115332365036011,0.58,1
447365,1,3,0.6624919176101685,0.52,1
447404,1,5,0.29418545961380005,0.58,0
448119,0,1,0.5186561942100525,0.58,0
449176,1,2,0.9312973618507385,0.55,1
449443,1,3,0.9489321708679199,0.52,1
450465,1,3,0.8553155064582825,0.52,1
451048,0,5,0.0855090543627739,0.58,0
452557,1,5,0.6143347024917603,0.58,1
453395,1,5,0.6216847896575928,0.58,1
453405,0,2,0.23369762301445007,0.55,0
454619,1,1,0.7922055721282959,0.58,1
454626,1,2,0.6634793281555176,0.55,1
454640,1,3,0.9048522114753723,0.52,1
456740,0,3,0.3119349479675293,0.52,0
458156,1,3,0.9150078296661377,0.52,1
458305,0,1,0.25724929571151733,0.58,0
458576,0,1,0.17067712545394897,0.58,0
458723,1,4,0.8318264484405518,0.52,1
459151,0,1,0.8014979958534241,0.58,1
460458,0,3,0.28638502955436707,0.52,0
460465,1,3,0.7477437257766724,0.52,1
460555,1,4,0.453297883272171,0.52,0
464052,0,3,0.6177060604095459,0.52,1
466272,1,4,0.9500008225440979,0.52,1
466420,0,4,0.6167388558387756,0.52,1
467938,0,1,0.44904154539108276,0.58,0
473033,1,4,0.32851701974868774,0.52,0
474350,1,1,0.8530315160751343,0.58,1
475557,1,5,0.8460065722465515,0.58,1
476669,0,4,0.6511587500572205,0.52,1
479455,1,5,0.39434492588043213,0.58,0
479718,1,3,0.5471495389938354,0.52,1
480530,1,3,0.9380670189857483,0.52,1
481084,1,1,0.8510444164276123,0.58,1
484641,0,4,0.3328055441379547,0.52,0
489999,1,3,0.9000310301780701,0.52,1
490132,1,5,0.926767885684967,0.58,1
491418,1,2,0.8243664503097534,0.55,1
493529,0,4,0.41714319586753845,0.52,0
493922,1,3,0.853827953338623,0.52,1
495764,1,2,0.4428856670856476,0.55,0
496243,1,5,0.915075421333313,0.58,1
496450,0,2,0.3478906452655792,0.55,0
497698,0,2,0.3165593445301056,0.55,0
500006,0,1,0.6266322135925293,0.58,1
500664,1,3,0.6034151315689087,0.52,1
502356,1,4,0.8894081711769104,0.52,1
503919,0,3,0.5308085083961487,0.52,1
505026,0,5,0.7319093346595764,0.58,1
505642,1,5,0.7088800072669983,0.58,1
507076,0,3,0.7515947818756104,0.52,1
507086,0,2,0.693051278591156,0.55,1
507089,1,5,0.9553086161613464,0.58,1
508439,0,2,0.13865326344966888,0.55,0
508442,0,1,0.24835537374019623,0.58,0
508883,1,3,0.6312695741653442,0.52,1
508935,1,2,0.1530105471611023,0.55,0
508943,0,1,0.3045441508293152,0.58,0
508947,0,5,0.32197919487953186,0.58,0
512195,0,1,0.07951267808675766,0.58,0
512200,1,4,0.8978219628334045,0.52,1
514847,0,3,0.36444464325904846,0.52,0
515001,1,4,0.7128955721855164,0.52,1
516632,0,3,0.24379223585128784,0.52,0
517814,1,5,0.3935275375843048,0.58,0
519182,1,2,0.7843534350395203,0.55,1
520023,1,5,0.4021854102611542,0.58,0
520763,1,1,0.7331791520118713,0.58,1
522162,0,5,0.5595386028289795,0.58,0
522627,1,2,0.4712830185890198,0.55,0
522931,0,4,0.21799404919147491,0.52,0
522938,0,2,0.8349101543426514,0.55,1
524047,0,5,0.7995458245277405,0.58,1
524434,1,1,0.19896264374256134,0.58,0
527774,0,2,0.2063206136226654,0.55,0
529203,1,5,0.5661579370498657,0.58,0
530254,1,2,0.677206814289093,0.55,1
530385,1,5,0.8195951581001282,0.58,1
530915,1,5,0.5724931955337524,0.58,0
531309,1,4,0.48241138458251953,0.52,0
531428,0,3,0.7444923520088196,0.52,1
533533,0,2,0.5830471515655518,0.55,1
533535,1,5,0.6494271159172058,0.58,1
536554,1,5,0.9476121664047241,0.58,1
537915,1,5,0.9271087646484375,0.58,1
539972,0,3,0.18214015662670135,0.52,0
541671,0,3,0.5383862257003784,0.52,1
545611,1,3,0.6946266889572144,0.52,1
546554,1,4,0.9532310962677002,0.52,1
549509,1,2,0.8166508078575134,0.55,1
550988,1,2,0.4602380096912384,0.55,0
552524,1,5,0.8185437917709351,0.58,1
558449,0,5,0.4405401647090912,0.58,0
560016,1,3,0.5902935266494751,0.52,1
565770,0,2,0.5603383779525757,0.55,1
566525,1,5,0.19739331305027008,0.58,0
567609,1,3,0.9267734289169312,0.52,1
568124,0,5,0.6642839908599854,0.58,1
568160,1,5,0.8485655188560486,0.58,1
569094,1,1,0.8810580372810364,0.58,1
570670,1,1,0.6682834029197693,0.58,1
572802,1,2,0.58259516954422,0.55,1
573435,1,4,0.6470180153846741,0.52,1
574475,1,2,0.9355807900428772,0.55,1
575264,1,2,0.723602831363678,0.55,1
575265,0,2,0.759043276309967,0.55,1
576845,0,5,0.5726531147956848,0.58,0
577922,0,5,0.49214884638786316,0.58,0
579974,1,1,0.4237516522407532,0.58,0
580175,1,4,0.7993165254592896,0.52,1
580489,1,1,0.5811115503311157,0.58,1
581392,1,2,0.5817868113517761,0.55,1
581528,1,1,0.27210733294487,0.58,0
582014,1,5,0.7398741841316223,0.58,1
585083,0,1,0.4475817382335663,0.58,0
585245,0,2,0.07981415838003159,0.55,0
586863,1,2,0.7634668350219727,0.55,1
587792,0,3,0.5915597081184387,0.52,1
587807,1,5,0.48066094517707825,0.58,0
588228,0,4,0.05968339368700981,0.52,0
588648,0,5,0.2240101844072342,0.58,0
590223,0,1,0.24000629782676697,0.58,0
592695,0,4,0.2802022099494934,0.52,0
593643,1,3,0.6530568599700928,0.52,1
600354,1,5,0.6009974479675293,0.58,1
601796,0,3,0.4392123520374298,0.52,0
603692,1,5,0.7319966554641724,0.58,1
604079,1,4,0.6119641661643982,0.52,1
609681,0,5,0.6416449546813965,0.58,1
613504,1,1,0.7705950140953064,0.58,1
614479,1,3,0.9354360699653625,0.52,1
614696,1,3,0.1314224898815155,0.52,0
615453,1,4,0.5165102481842041,0.52,0
615457,1,4,0.7095077037811279,0.52,1
615656,1,5,0.6535818576812744,0.58,1
615777,0,1,0.7458272576332092,0.58,1
616037,1,4,0.5090986490249634,0.52,0
617126,1,4,0.5087863206863403,0.52,0
619264,0,5,0.6219391822814941,0.58,1
619803,1,5,0.46521836519241333,0.58,0
624860,0,2,0.3832136392593384,0.55,0
629542,1,3,0.8263555765151978,0.52,1
631843,1,5,0.8837909698486328,0.58,1
634429,1,3,0.24435187876224518,0.52,0
634649,1,5,0.7653290629386902,0.58,1
635302,1,2,0.5117348432540894,0.55,0
637649,1,1,0.5332784652709961,0.58,0
639933,0,3,0.31510818004608154,0.52,0
640146,0,1,0.8167139887809753,0.58,1
646380,0,2,0.6107325553894043,0.55,1
646385,1,1,0.9317511916160583,0.58,1
653346,1,1,0.45000672340393066,0.58,0
660120,1,5,0.2734009325504303,0.58,0
661374,0,1,0.587820827960968,0.58,1
663712,1,2,0.7358687520027161,0.55,1
666277,1,5,0.8234618902206421,0.58,1
667538,1,1,0.07654053717851639,0.58,0
670292,0,4,0.555135190486908,0.52,1
675353,1,4,0.8354527354240417,0.52,1
675445,1,3,0.671103298664093,0.52,1
682507,1,3,0.8233112692832947,0.52,1
693134,1,4,0.8300440907478333,0.52,1
695721,1,1,0.7901657819747925,0.58,1
698508,0,1,0.5127606987953186,0.58,0
698687,0,3,0.22170598804950714,0.52,0
701387,0,3,0.370277464389801,0.52,0
713704,1,3,0.8499784469604492,0.52,1
718789,0,4,0.28825533390045166,0.52,0
718930,1,3,0.32751190662384033,0.52,0
724495,0,1,0.3124488592147827,0.58,0
725201,0,3,0.09454048424959183,0.52,0
744275,0,3,0.8264365792274475,0.52,1
746036,0,2,0.534188449382782,0.55,0
748783,1,4,0.8233492374420166,0.52,1
752623,1,3,0.21141424775123596,0.52,0
756999,1,4,0.776459813117981,0.52,1
760104,1,3,0.8495360016822815,0.52,1
762441,1,1,0.3857348561286926,0.58,0
762504,1,4,0.6002922654151917,0.52,1
762509,1,1,0.5742484927177429,0.58,0
763215,0,2,0.07538547366857529,0.55,0
776503,0,2,0.7557362914085388,0.55,1
785084,1,4,0.6466702818870544,0.52,1
785663,0,4,0.11129632592201233,0.52,0
786892,0,5,0.46174731850624084,0.58,0
787459,1,2,0.23222017288208008,0.55,0
787699,1,1,0.8105147480964661,0.58,1
796185,0,1,0.36259838938713074,0.58,0
798645,0,5,0.3699166178703308,0.58,0
799379,0,3,0.26868492364883423,0.52,0
799583,0,1,0.30745646357536316,0.58,0
800158,0,3,0.23118452727794647,0.52,0
803796,0,5,0.2934132218360901,0.58,0
812583,0,2,0.3210906386375427,0.55,0
822119,1,1,0.6842966675758362,0.58,1
823464,1,5,0.7257777452468872,0.58,1
838240,0,4,0.43715378642082214,0.52,0
840705,1,2,0.7452303767204285,0.55,1
842675,1,3,0.34984061121940613,0.52,0
845781,0,2,0.22267374396324158,0.55,0
854239,0,1,0.7154471278190613,0.58,1
856289,1,2,0.4577374756336212,0.55,0
858024,1,4,0.8381118774414062,0.52,1
866398,1,3,0.7778558135032654,0.52,1
870028,0,3,0.7442691326141357,0.52,1
872585,1,5,0.6269766688346863,0.58,1
877269,0,2,0.09602826088666916,0.55,0
882569,0,2,0.22468969225883484,0.55,0
882598,1,4,0.8551836013793945,0.52,1
884605,0,5,0.8788301944732666,0.58,1
889737,0,3,0.6239365339279175,0.52,1
893723,1,2,0.9391432404518127,0.55,1
901362,1,1,0.8915796279907227,0.58,1
911430,1,3,0.8402369618415833,0.52,1
912649,1,4,0.8687456250190735,0.52,1
913290,1,4,0.2867039740085602,0.52,0
915935,1,1,0.7575222253799438,0.58,1
916224,1,2,0.7913300395011902,0.55,1
917496,1,5,0.778802216053009,0.58,1
926393,1,1,0.5673924684524536,0.58,0
929590,1,2,0.3188858926296234,0.55,0
930564,0,1,0.38005220890045166,0.58,0
933260,1,2,0.7515945434570312,0.55,1
934433,1,5,0.9168074727058411,0.58,1
937278,1,5,0.5922301411628723,0.58,1
937287,0,1,0.5896120071411133,0.58,1
939243,1,2,0.7264528274536133,0.55,1
940551,1,2,0.35245636105537415,0.55,0
940721,1,1,0.8011078834533691,0.58,1
945961,1,2,0.7017269134521484,0.55,1
949423,1,3,0.4684145748615265,0.52,0
950387,1,3,0.7848369479179382,0.52,1
950652,0,2,0.07153186202049255,0.55,0
951572,0,3,0.17002396285533905,0.52,0
952260,0,3,0.09604011476039886,0.52,0
952268,0,5,0.04803607240319252,0.58,0
967941,1,5,0.7514369487762451,0.58,1
968051,1,5,0.9186847805976868,0.58,1
969492,0,1,0.5353744626045227,0.58,0
975511,0,4,0.29703110456466675,0.52,0
976573,1,4,0.5115653872489929,0.52,0
976893,0,3,0.7278307676315308,0.52,1
980477,1,1,0.694805383682251,0.58,1
980489,1,3,0.5205762982368469,0.52,1
985939,1,3,0.8358150720596313,0.52,1
986056,1,2,0.5451176166534424,0.55,0
991494,1,3,0.910615861415863,0.52,1
1007734,0,1,0.8932806849479675,0.58,1
1008042,1,2,0.9001569747924805,0.55,1
1011985,1,5,0.7533483505249023,0.58,1
1022787,0,4,0.3544410765171051,0.52,0
1022789,1,4,0.5929036736488342,0.52,1
1022796,0,4,0.21047115325927734,0.52,0
1034541,1,4,0.8408534526824951,0.52,1
1035048,0,2,0.25096067786216736,0.55,0
1035259,1,2,0.9269251823425293,0.55,1
1037113,0,4,0.3991479277610779,0.52,0
1038392,1,4,0.9092797636985779,0.52,1
1054867,0,1,0.3000006377696991,0.58,0
1061474,1,5,0.8556969165802002,0.58,1
1062722,0,4,0.22722025215625763,0.52,0
1064028,0,2,0.4712512493133545,0.55,0
1064213,1,5,0.8492859601974487,0.58,1
1071215,1,4,0.8214944005012512,0.52,1
1072790,1,4,0.6035136580467224,0.52,1
1078605,1,2,0.9341026544570923,0.55,1
1079091,1,1,0.5917007923126221,0.58,1
1079485,1,4,0.7875943183898926,0.52,1
1084199,1,5,0.6035415530204773,0.58,1
1084242,1,1,0.9059438705444336,0.58,1
1084736,0,5,0.4614582657814026,0.58,0
1086747,0,5,0.8515160083770752,0.58,1
1087192,1,5,0.7265667915344238,0.58,1
1097549,1,1,0.8386823534965515,0.58,1
1100782,1,5,0.8804272413253784,0.58,1
1100988,1,1,0.8161171674728394,0.58,1
1114513,1,4,0.642632246017456,0.52,1
1138194,1,3,0.584796667098999,0.52,1
1151031,1,5,0.8531362414360046,0.58,1
1153714,0,4,0.5252892971038818,0.52,1
1160018,0,2,0.5138179063796997,0.55,0
1167307,0,3,0.42709460854530334,0.52,0
1175942,1,5,0.8401667475700378,0.58,1
1184918,1,4,0.7947091460227966,0.52,1
1197137,1,2,0.919207751750946,0.55,1
1197306,1,4,0.5345466732978821,0.52,1
1214931,1,1,0.8323434591293335,0.58,1
1218925,1,5,0.9211195111274719,0.58,1
1223601,0,4,0.5099221467971802,0.52,0
1228246,1,2,0.9195265173912048,0.55,1
1233413,1,1,0.5834872126579285,0.58,1
1234731,1,1,0.4397784173488617,0.58,0
1234821,1,3,0.6272778511047363,0.52,1
1241982,1,1,0.7414270043373108,0.58,1
1242898,0,3,0.8053938150405884,0.52,1
1246049,0,3,0.46097099781036377,0.52,0
1284120,0,1,0.49127861857414246,0.58,0
1287141,1,2,0.6038259267807007,0.55,1
1291608,1,4,0.7392507791519165,0.52,1
1311031,1,2,0.9387717247009277,0.55,1
1317288,1,3,0.6378270983695984,0.52,1
1327862,1,4,0.8009580373764038,0.52,1
1352874,0,5,0.08030300587415695,0.58,0
1365302,1,5,0.04599976912140846,0.58,0
1368166,1,4,0.8878260850906372,0.52,1
1408208,1,5,0.5863439440727234,0.58,1
